stock_code,stock_name,selected_flag,exclude_reasons,avg_amount_yuan,avg_close_yuan,n_trade_days,first_date,is_st,is_cixin,is_low_turnover,is_low_liquidity,is_low_price,has_daily_error,has_level2_error
000035,中国天楹,True,,255524440.01666668,27.6425,60,2025-01-02,False,False,False,False,False,False,Unknown
000048,京基智农,True,,275869912.73333335,162.31900000000002,60,2025-01-02,False,False,False,False,False,False,Unknown
000049,德赛电池,True,,345336459.6,260.22683333333333,60,2025-01-02,False,False,False,False,False,False,Unknown
000058,深赛格,True,,209889817.18333334,45.41533333333333,60,2025-01-02,False,False,False,True,False,False,Unknown
000061,农 产 品,True,,284086273.71666664,218.16066666666666,60,2025-01-02,False,False,False,False,False,False,Unknown
000065,北方国际,True,,364563470.7,215.65966666666662,60,2025-01-02,False,False,False,False,False,False,Unknown
000099,中信海直,True,,244199026.18333334,83.36283333333333,60,2025-01-02,False,False,False,False,False,False,Unknown
000420,吉林化纤,True,,312577499.43333334,27.854166666666668,60,2025-01-02,False,False,False,False,False,False,Unknown
000422,湖北宜化,True,,683280252.7333333,206.2458333333333,60,2025-01-02,False,False,False,False,False,False,Unknown
000506,招金黄金,True,,604780235.3333334,45.14216666666666,60,2025-01-02,False,False,False,False,False,False,Unknown
000534,万泽股份,True,,435208918.71666664,86.10533333333333,60,2025-01-02,False,False,False,False,False,False,Unknown
000543,皖能电力,True,,379323828.15,50.26283333333334,60,2025-01-02,False,False,False,False,False,False,Unknown
000555,神州信息,True,,1293141901.3833334,53.27700000000001,60,2025-01-02,False,False,False,False,False,False,Unknown
000563,陕国投A,True,,186177534.51666668,66.96083333333334,60,2025-01-02,False,False,False,True,False,False,Unknown
000567,海德股份,True,,345137393.98333335,113.64133333333332,60,2025-01-02,False,False,False,False,False,False,Unknown
000581,威孚高科,True,,208855387.8,139.07683333333333,60,2025-01-02,False,False,False,True,False,False,Unknown
000600,建投能源,True,,320168744.95,63.94166666666665,60,2025-01-02,False,False,False,False,False,False,Unknown
000603,盛达资源,True,,807435326.5333333,114.01883333333333,60,2025-01-02,False,False,False,False,False,False,Unknown
000612,焦作万方,True,,589381685.3833333,128.4045,60,2025-01-02,False,False,False,False,False,False,Unknown
000620,盈新发展,True,,1097156183.2666667,9.194333333333333,60,2025-01-02,False,False,False,False,False,False,Unknown
000628,高新发展,True,,351878380.25,149.21083333333337,60,2025-01-02,False,False,False,False,False,False,Unknown
000636,风华高科,True,,688207047.3166667,303.09900000000005,60,2025-01-02,False,False,False,False,False,False,Unknown
000672,上峰材料,True,,249435377.05,107.6265,60,2025-01-02,False,False,False,False,False,False,Unknown
000676,智度股份,True,,332524591.46666664,103.45433333333332,60,2025-01-02,False,False,False,False,False,False,Unknown
000680,山推股份,True,,337921196.95,61.413999999999994,60,2025-01-02,False,False,False,False,False,False,Unknown
000681,视觉中国,True,,1477152723.6333334,115.03299999999999,60,2025-01-02,False,False,False,False,False,False,Unknown
000682,东方电子,True,,297179453.3666667,195.91666666666666,60,2025-01-02,False,False,False,False,False,False,Unknown
000685,中山公用,True,,499318687.96666664,215.47966666666667,60,2025-01-02,False,False,False,False,False,False,Unknown
000686,东北证券,True,,694285299.4166666,134.446,60,2025-01-02,False,False,False,False,False,False,Unknown
000688,国城矿业,True,,751340172.4833333,108.88466666666667,60,2024-01-02,False,False,False,False,False,False,Unknown
000690,宝新能源,True,,186247776.16666666,245.2938333333333,60,2025-01-02,False,False,False,True,False,False,Unknown
000712,锦龙股份,True,,257669732.1,173.78133333333335,60,2025-01-02,False,False,False,False,False,False,Unknown
000727,冠捷科技,True,,276050692.05,15.4835,60,2025-01-02,False,False,False,False,False,False,Unknown
000758,中色股份,True,,379300133.1166667,111.64899999999997,60,2025-01-02,False,False,False,False,False,False,Unknown
000762,西藏矿业,True,,850393530.35,158.4745,60,2025-01-02,False,False,False,False,False,False,Unknown
000766,通化金马,True,,504506759.2,91.59983333333331,60,2025-01-02,False,False,False,False,False,False,Unknown
000778,新兴铸管,True,,295886868.68333334,66.05816666666666,60,2025-01-02,False,False,False,False,False,False,Unknown
000795,英洛华,True,,178160482.08333334,47.425,60,2025-01-02,False,False,False,True,False,False,Unknown
000801,四川九洲,True,,490597137.65,244.53350000000003,60,2025-01-02,False,False,False,False,False,False,Unknown
000810,创维数字,True,,216482603.36666667,70.33099999999999,60,2025-01-02,False,False,False,True,False,False,Unknown
000811,冰轮环境,True,,996431911.45,515.2574999999999,60,2025-01-02,False,False,False,False,False,False,Unknown
000813,德展健康,True,,172352780.46666667,17.4175,60,2025-01-02,False,False,False,True,False,False,Unknown
000829,天音控股,True,,299308704.95,172.295,60,2025-01-02,False,False,False,False,False,False,Unknown
000833,粤桂股份,True,,1037918141.4666667,38.11549999999999,60,2025-01-02,False,False,False,False,False,False,Unknown
000837,秦川机床,True,,267245646.23333332,51.68816666666666,60,2025-01-02,False,False,False,False,False,False,Unknown
000875,电投绿能,True,,351197715.51666665,8.596166666666667,60,2025-01-02,False,False,False,False,False,False,Unknown
000880,潍柴重机,True,,463061680.31666666,163.39733333333336,60,2025-01-02,False,False,False,False,False,False,Unknown
000899,赣能股份,True,,408289117.3833333,51.835833333333326,60,2025-01-02,False,False,False,False,False,False,Unknown
000901,航天科技,True,,574734772.3166667,135.91733333333335,60,2025-01-02,False,False,False,False,False,False,Unknown
000902,新洋丰,True,,212731064.21666667,54.61983333333333,60,2025-01-02,False,False,False,True,False,False,Unknown
000917,电广传媒,True,,329099593.96666664,66.03066666666666,60,2025-01-02,False,False,False,False,False,False,Unknown
000923,河钢资源,True,,220042575.51666668,30.06616666666667,60,2025-01-02,False,False,False,True,False,False,Unknown
000927,中国铁物,True,,205170895.06666666,4.338333333333334,60,2025-01-02,False,False,False,True,False,False,Unknown
000928,中钢国际,True,,182594266.73333332,16.247666666666667,60,2025-01-02,False,False,False,True,False,False,Unknown
000935,四川双马,True,,228245378.81666666,73.26133333333335,60,2025-01-02,False,False,False,True,False,False,Unknown
000950,重药控股,True,,306075587.73333335,14.472166666666665,60,2025-01-02,False,False,False,False,False,False,Unknown
000962,东方钽业,True,,1816745909.2666667,198.37633333333332,60,2025-01-02,False,False,False,False,False,False,Unknown
000966,长源电力,True,,551132953.3,18.899666666666665,60,2025-01-02,False,False,False,False,False,False,Unknown
000969,安泰科技,True,,1153124752.9833333,160.03916666666672,60,2025-01-02,False,False,False,False,False,False,Unknown
000970,中科三环,True,,762212486.7333333,233.2245,60,2025-01-02,False,False,False,False,False,False,Unknown
000973,佛塑科技,True,,1150805925.15,66.93333333333334,60,2025-01-02,False,False,False,False,False,False,Unknown
000990,诚志股份,True,,547704748.3333334,32.702666666666666,60,2025-01-02,False,False,False,False,False,False,Unknown
001267,汇绿生态,True,,2748357653.633333,55.837333333333326,60,2025-01-02,False,False,False,False,False,False,Unknown
001287,中电港,True,,1227794325.6,28.325,60,2025-01-02,False,False,False,False,False,False,Unknown
001301,尚太科技,True,,543246314.7,88.77400000000002,60,2025-01-02,False,False,False,False,False,False,Unknown
001337,四川黄金,True,,600697076.95,49.95366666666666,60,2025-01-02,False,False,False,False,False,False,Unknown
001339,智微智能,True,,1123367446.85,101.3625,60,2025-01-02,False,False,False,False,False,False,Unknown
001359,平安电工,True,,339673038.05,108.84216666666666,60,2025-01-02,False,False,False,False,False,False,Unknown
001896,豫能控股,True,,3418686614.75,24.223333333333336,60,2025-01-02,False,False,False,False,False,False,Unknown
002006,精工科技,True,,190900243.86666667,134.48066666666668,60,2025-01-02,False,False,False,True,False,False,Unknown
002011,盾安环境,True,,188275029.55,72.40983333333337,60,2025-01-02,False,False,False,True,False,False,Unknown
002015,协鑫能科,True,,2990182776.7166667,103.44616666666667,60,2025-01-02,False,False,False,False,False,False,Unknown
002017,东信和平,True,,211481457.71666667,150.55683333333334,60,2025-01-02,False,False,False,True,False,False,Unknown
002020,京新药业,True,,186274976.36666667,185.36700000000002,60,2025-01-02,False,False,False,True,False,False,Unknown
002023,海特高新,True,,565970183.15,127.38766666666666,60,2025-01-02,False,False,False,False,False,False,Unknown
002036,联创电子,True,,511152804.35,61.481,60,2025-01-02,False,False,False,False,False,False,Unknown
002046,国机精工,True,,1265675118.05,303.37,60,2025-01-02,False,False,False,False,False,False,Unknown
002048,宁波华翔,True,,668396774.2666667,229.28933333333333,60,2025-01-02,False,False,False,False,False,False,Unknown
002051,中工国际,True,,1000286950.5166667,64.36216666666665,60,2025-01-02,False,False,False,False,False,False,Unknown
002053,云南能投,True,,151314624.46666667,11.036166666666665,60,2025-01-02,False,False,False,True,False,False,Unknown
002063,远光软件,True,,235529971.15,107.86449999999999,60,2025-01-02,False,False,False,True,False,False,Unknown
002077,大港股份,True,,604121077.15,25.145666666666667,60,2025-01-02,False,False,False,False,False,False,Unknown
002081,金螳螂,True,,1706166383.1333334,174.80866666666665,60,2025-01-02,False,False,False,False,False,False,Unknown
002091,江苏国泰,True,,236093809.33333334,73.42233333333333,60,2025-01-02,False,False,False,True,False,False,Unknown
002100,天康生物,True,,212345978.0,90.61816666666668,60,2025-01-02,False,False,False,True,False,False,Unknown
002104,恒宝股份,True,,341208612.23333335,90.78416666666666,60,2025-01-02,False,False,False,False,False,False,Unknown
002121,科陆电子,True,,308752302.01666665,106.98949999999999,60,2025-01-02,False,False,False,False,False,False,Unknown
002123,梦网科技,True,,183900216.16666666,65.53616666666667,60,2025-01-16,False,False,False,True,False,False,Unknown
002125,湘潭电化,True,,683978555.3666667,65.73333333333333,60,2025-01-02,False,False,False,False,False,False,Unknown
002139,拓邦股份,True,,240802394.83333334,186.52349999999998,60,2025-01-02,False,False,False,False,False,False,Unknown
002145,钛能化学,True,,289932991.71666664,20.86733333333333,60,2025-01-02,False,False,False,False,False,False,Unknown
002149,西部材料,True,,4137341824.633333,202.05816666666666,60,2025-01-02,False,False,False,False,False,False,Unknown
002151,北斗星通,True,,687014940.2166667,36.70433333333333,60,2025-01-02,False,False,False,False,False,False,Unknown
002158,汉钟精机,True,,526395118.8,135.041,60,2025-01-02,False,False,False,False,False,False,Unknown
002163,海南发展,True,,284786860.85,50.563833333333335,60,2025-01-02,False,False,False,False,False,False,Unknown
002170,芭田股份,True,,290100266.4166667,109.99516666666665,60,2025-01-02,False,False,False,False,False,False,Unknown
002171,楚江新材,True,,1172447332.7,70.01083333333332,60,2025-01-02,False,False,False,False,False,False,Unknown
002174,游族网络,True,,433368098.46666664,34.483666666666664,60,2025-01-02,False,False,False,False,False,False,Unknown
002176,江特电机,True,,1802705001.9666667,156.41916666666668,60,2025-01-02,False,False,False,False,False,False,Unknown
002181,粤传媒,True,,1485460976.5666666,32.733333333333334,60,2025-01-02,False,False,False,False,False,False,Unknown
002182,宝武镁业,True,,416137028.3666667,71.95533333333333,60,2025-01-02,False,False,False,False,False,False,Unknown
002183,怡亚通,True,,968026279.8166667,92.52600000000001,60,2025-01-02,False,False,False,False,False,False,Unknown
002192,融捷股份,True,,2653672545.2833333,272.4018333333333,60,2025-01-02,False,False,False,False,False,False,Unknown
002194,武汉凡谷,True,,458746192.45,44.97616666666667,60,2025-01-02,False,False,False,False,False,False,Unknown
002212,天融信,True,,204769381.85,22.730000000000004,60,2025-01-02,False,False,False,True,False,False,Unknown
002222,福晶科技,True,,3662053462.2833333,287.00766666666664,60,2025-01-02,False,False,False,False,False,False,Unknown
002226,江南化工,True,,173176815.23333332,71.01883333333333,60,2025-01-02,False,False,False,True,False,False,Unknown
002237,恒邦股份,True,,521793135.81666666,127.60966666666666,60,2025-01-02,False,False,False,False,False,False,Unknown
002245,蔚蓝锂芯,True,,2504198327.9333334,372.6086666666667,60,2025-01-02,False,False,False,False,False,False,Unknown
002246,北化股份,True,,509068165.15,36.940333333333335,60,2025-01-02,False,False,False,False,False,False,Unknown
002249,大洋电机,True,,447848542.71666664,124.6805,60,2025-01-02,False,False,False,False,False,False,Unknown
002250,联化科技,True,,271832258.15,93.86433333333335,60,2025-01-02,False,False,False,False,False,False,Unknown
002251,步步高,True,,589667542.2333333,20.19816666666667,60,2025-01-02,False,False,False,False,False,False,Unknown
002254,泰和新材,True,,965975487.2833333,14.363333333333332,60,2025-01-02,False,False,False,False,False,False,Unknown
002258,利尔化学,True,,264200768.03333333,13.062166666666666,60,2025-01-02,False,False,False,False,False,False,Unknown
002270,华明装备,True,,496769778.3833333,61.67150000000001,60,2025-01-02,False,False,False,False,False,False,Unknown
002276,万马股份,True,,267539889.13333333,48.413,60,2025-01-02,False,False,False,False,False,False,Unknown
002290,禾盛新材,True,,1073182314.75,226.30233333333328,60,2025-01-02,False,False,False,False,False,False,Unknown
002292,奥飞娱乐,True,,259269790.8,59.529833333333336,60,2025-01-02,False,False,False,False,False,False,Unknown
002315,焦点科技,True,,247004208.13333333,148.38900000000004,60,2025-01-02,False,False,False,False,False,False,Unknown
002317,众生药业,True,,1011951997.0,250.11499999999998,60,2025-01-02,False,False,False,False,False,False,Unknown
002324,普利特,True,,392435586.55,114.99133333333336,60,2025-01-02,False,False,False,False,False,False,Unknown
002326,永太科技,True,,1298872708.7,142.31533333333337,60,2025-01-02,False,False,False,False,False,False,Unknown
002338,奥普光电,True,,469752807.45,188.2823333333333,60,2025-01-02,False,False,False,False,False,False,Unknown
002345,潮宏基,True,,193026346.78333333,83.31383333333333,60,2025-01-02,False,False,False,True,False,False,Unknown
002364,中恒电气,True,,2808820194.5833335,48.702000000000005,60,2025-01-02,False,False,False,False,False,False,Unknown
002368,太极股份,True,,205515494.4,16.975333333333335,60,2025-01-02,False,False,False,True,False,False,Unknown
002373,千方科技,True,,202300240.58333334,35.093333333333334,60,2025-01-02,False,False,False,True,False,False,Unknown
002378,章源钨业,True,,2691580143.45,91.90733333333334,60,2025-01-02,False,False,False,False,False,False,Unknown
002389,航天彩虹,True,,428080567.46666664,127.3585,60,2025-01-02,False,False,False,False,False,False,Unknown
002396,星网锐捷,True,,783819795.2833333,94.94133333333335,60,2025-01-02,False,False,False,False,False,False,Unknown
002400,省广集团,True,,816450481.9833333,151.5206666666667,60,2025-01-02,False,False,False,False,False,False,Unknown
002405,四维图新,True,,536411365.8333333,33.681666666666665,60,2025-01-02,False,False,False,False,False,False,Unknown
002408,齐翔腾达,True,,246493154.58333334,52.9405,60,2025-01-02,False,False,False,False,False,False,Unknown
002416,爱施德,True,,341588211.48333335,42.78333333333333,60,2025-01-02,False,False,False,False,False,False,Unknown
002428,云南锗业,True,,8415896830.266666,463.58166666666676,60,2025-01-02,False,False,False,False,False,False,Unknown
002456,欧菲光,True,,1084006779.1333334,9.169333333333332,60,2025-01-02,False,False,False,False,False,False,Unknown
002458,益生股份,True,,262737804.9,8.337333333333335,60,2025-01-02,False,False,False,False,False,False,Unknown
002468,申通快递,True,,431510548.55,34.838,60,2025-01-02,False,False,False,False,False,False,Unknown
002488,金固股份,True,,259056200.93333334,67.58833333333334,60,2025-01-02,False,False,False,False,False,False,Unknown
002497,雅化集团,True,,1360040554.1833334,169.76133333333334,60,2025-01-02,False,False,False,False,False,False,Unknown
002498,汉缆股份,True,,1245721381.5333333,68.82083333333331,60,2025-01-02,False,False,False,False,False,False,Unknown
002506,协鑫集成,True,,1621797688.4666667,37.358333333333334,60,2025-01-02,False,False,False,False,False,False,Unknown
002518,科士达,True,,853381178.1333333,303.0198333333334,60,2025-01-02,False,False,False,False,False,False,Unknown
002531,天顺风能,True,,570561206.8333334,89.35366666666668,60,2025-01-02,False,False,False,False,False,False,Unknown
002534,西子洁能,True,,317968960.6166667,44.65583333333334,60,2025-01-02,False,False,False,False,False,False,Unknown
002536,飞龙股份,True,,1911170109.3,242.06216666666668,60,2025-01-02,False,False,False,False,False,False,Unknown
002537,海联金汇,True,,174949962.63333333,46.247166666666665,60,2025-01-02,False,False,False,True,False,False,Unknown
002539,云图控股,True,,317222947.85,89.6315,60,2025-01-02,False,False,False,False,False,False,Unknown
002541,鸿路钢构,True,,198211767.95,82.99283333333332,60,2025-01-02,False,False,False,True,False,False,Unknown
002544,普天科技,True,,326581076.6,148.6748333333333,60,2025-01-02,False,False,False,False,False,False,Unknown
002545,东方铁塔,True,,543635578.1,131.23583333333332,60,2025-01-02,False,False,False,False,False,False,Unknown
002549,凯美特气,True,,1023626928.8,155.86233333333337,60,2025-01-02,False,False,False,False,False,False,Unknown
002557,洽洽食品,True,,191280461.28333333,80.29916666666666,60,2025-01-02,False,False,False,True,False,False,Unknown
002588,史丹利,True,,175297550.26666668,100.33916666666667,60,2025-01-02,False,False,False,True,False,False,Unknown
002597,金禾实业,True,,208439527.83333334,119.76849999999997,60,2025-01-02,False,False,False,True,False,False,Unknown
002611,东方精工,True,,908308181.4333333,126.23700000000001,60,2025-01-02,False,False,False,False,False,False,Unknown
002617,露笑科技,True,,1694605906.9666667,68.01733333333334,60,2025-01-02,False,False,False,False,False,False,Unknown
002635,安洁科技,True,,643106512.1333333,90.43716666666667,60,2025-01-02,False,False,False,False,False,False,Unknown
002636,金安国纪,True,,2999635560.05,173.73533333333336,60,2025-01-02,False,False,False,False,False,False,Unknown
002639,雪人集团,True,,962410796.7166667,50.96583333333333,60,2025-01-02,False,False,False,False,False,False,Unknown
002643,万润股份,True,,490067810.18333334,104.75833333333331,60,2025-01-02,False,False,False,False,False,False,Unknown
002654,万润科技,True,,1386729599.6166666,101.97083333333332,60,2025-01-02,False,False,False,False,False,False,Unknown
002681,奋达科技,True,,260201176.26666668,55.018499999999996,60,2025-01-02,False,False,False,False,False,False,Unknown
002698,博实股份,True,,204859954.01666668,38.82133333333333,60,2025-01-02,False,False,False,True,False,False,Unknown
002705,新宝股份,True,,302216163.06666666,30.1425,60,2025-01-02,False,False,False,False,False,False,Unknown
002706,良信股份,True,,731376558.45,153.38683333333336,60,2025-01-02,False,False,False,False,False,False,Unknown
002716,湖南白银,True,,1476591813.4666667,39.50966666666666,60,2025-01-02,False,False,False,False,False,False,Unknown
002745,木林森,True,,735614373.9333333,23.91483333333333,60,2025-01-02,False,False,False,False,False,False,Unknown
002747,埃斯顿,True,,2225196006.616667,177.09766666666664,60,2025-01-02,False,False,False,False,False,False,Unknown
002755,奥赛康,True,,262510072.53333333,27.170666666666666,60,2025-01-02,False,False,False,False,False,False,Unknown
002768,国恩股份,True,,422400084.81666666,204.12483333333333,60,2025-01-02,False,False,False,False,False,False,Unknown
002779,中坚科技,True,,315669535.3833333,172.0406666666667,60,2025-01-02,False,False,False,False,False,False,Unknown
002815,崇达技术,True,,1071806581.05,39.1145,60,2025-01-02,False,False,False,False,False,False,Unknown
002832,比音勒芬,True,,252075325.38333333,116.46999999999998,60,2025-01-02,False,False,False,False,False,False,Unknown
002838,道恩股份,True,,245928871.05,165.79449999999997,60,2025-01-02,False,False,False,False,False,False,Unknown
002840,华统股份,True,,342108796.9166667,24.706833333333332,60,2025-01-02,False,False,False,False,False,False,Unknown
002847,盐津铺子,True,,196796025.88333333,128.08800000000002,60,2025-01-02,False,False,False,True,False,False,Unknown
002859,洁美科技,True,,1631727545.8666666,292.5403333333333,60,2025-01-02,False,False,False,False,False,False,Unknown
002881,美格智能,True,,402033059.1333333,92.79616666666668,60,2025-01-02,False,False,False,False,False,False,Unknown
002891,中宠股份,True,,302169027.53333336,85.1105,60,2025-01-02,False,False,False,False,False,False,Unknown
002895,川恒股份,True,,368717522.78333336,42.33633333333333,60,2025-01-02,False,False,False,False,False,False,Unknown
002896,中大力德,True,,1104389518.5166667,180.427,60,2025-01-02,False,False,False,False,False,False,Unknown
002897,意华股份,True,,1390458957.5833333,125.96600000000004,60,2025-01-02,False,False,False,False,False,False,Unknown
002906,华阳集团,True,,303734799.81666666,31.787333333333333,60,2025-01-02,False,False,False,False,False,False,Unknown
002913,奥士康,True,,462533805.43333334,126.5995,60,2025-01-02,False,False,False,False,False,False,Unknown
002922,伊戈尔,True,,1026567147.1833333,74.10550000000002,60,2025-01-02,False,False,False,False,False,False,Unknown
002925,盈趣科技,True,,355650273.8666667,44.94883333333334,60,2025-01-02,False,False,False,False,False,False,Unknown
002928,华夏航空,True,,297297079.45,17.717833333333335,60,2025-01-02,False,False,False,False,False,False,Unknown
002929,润建股份,True,,1962034056.75,70.73683333333334,60,2025-01-02,False,False,False,False,False,False,Unknown
002947,恒铭达,True,,1132918720.6166666,151.1935,60,2025-01-02,False,False,False,False,False,False,Unknown
002948,青岛银行,True,,248817897.26666668,5.410166666666666,60,2025-01-02,False,False,False,False,False,False,Unknown
002960,青鸟智控,True,,201627008.98333332,37.66749999999999,60,2025-01-02,False,False,False,True,False,False,Unknown
002961,瑞达期货,True,,201506800.03333333,24.924,60,2025-01-02,False,False,False,True,False,False,Unknown
002965,祥鑫科技,True,,522153662.65,51.228500000000004,60,2025-01-02,False,False,False,False,False,False,Unknown
002967,广电计量,True,,236537973.26666668,34.98533333333333,60,2025-01-02,False,False,False,True,False,False,Unknown
002979,雷赛智能,True,,919077304.7666667,80.16516666666666,60,2025-01-02,False,False,False,False,False,False,Unknown
002985,北摩高科,True,,254690947.3,74.53183333333332,60,2025-01-02,False,False,False,False,False,False,Unknown
002987,京北方,True,,170118806.18333334,82.15383333333334,60,2025-01-02,False,False,False,True,False,False,Unknown
002993,奥海科技,True,,587478492.3833333,85.89749999999998,60,2025-01-02,False,False,False,False,False,False,Unknown
003010,若羽臣,True,,202684990.58333334,77.17183333333335,60,2025-01-02,False,False,False,True,False,False,Unknown
300007,汉威科技,True,,739570940.4166666,183.2301666666667,60,2025-01-02,False,False,False,False,False,False,Unknown
300008,天海防务,True,,467824869.28333336,81.5955,60,2025-01-02,False,False,False,False,False,False,Unknown
300031,宝通科技,True,,578037618.4166666,170.45333333333335,60,2025-01-02,False,False,False,False,False,False,Unknown
300034,钢研高纳,True,,329929901.1,114.96100000000001,60,2025-01-02,False,False,False,False,False,False,Unknown
300035,中科电气,True,,683784490.85,169.77049999999997,60,2025-01-02,False,False,False,False,False,False,Unknown
300045,华力创通,True,,497918487.06666666,169.60966666666667,60,2025-01-02,False,False,False,False,False,False,Unknown
300047,天源迪科,True,,221169361.93333334,60.00833333333333,60,2025-01-02,False,False,False,True,False,False,Unknown
300049,福瑞医科,True,,388531574.6,179.62333333333333,60,2025-01-02,False,False,False,False,False,False,Unknown
300065,海兰信,True,,1474693126.0,202.3545,60,2025-01-02,False,False,False,False,False,False,Unknown
300077,国民技术,True,,1693638892.85,126.36800000000001,60,2025-01-02,False,False,False,False,False,False,Unknown
300083,创世纪,True,,1306379718.05,85.27749999999999,60,2025-01-02,False,False,False,False,False,False,Unknown
300088,长信科技,True,,2295814816.7833333,146.36,60,2025-01-02,False,False,False,False,False,False,Unknown
300098,高新兴,True,,279536564.0,81.79066666666667,60,2025-01-02,False,False,False,False,False,False,Unknown
300101,振芯科技,True,,318063212.75,154.61499999999998,60,2025-01-02,False,False,False,False,False,False,Unknown
300102,乾照光电,True,,1542676847.0166667,153.14066666666665,60,2025-01-02,False,False,False,False,False,False,Unknown
300113,顺网科技,True,,1053190394.4166666,285.84749999999997,60,2025-01-02,False,False,False,False,False,False,Unknown
300127,银河磁体,True,,210163674.36666667,81.55683333333332,60,2025-01-02,False,False,False,True,False,False,Unknown
300130,新国都,True,,355726199.46666664,172.82383333333334,60,2025-01-02,False,False,False,False,False,False,Unknown
300131,英唐智控,True,,2257619846.9666667,333.35149999999993,60,2025-01-02,False,False,False,False,False,False,Unknown
300133,华策影视,True,,1040724220.35,211.50483333333335,60,2025-01-02,False,False,False,False,False,False,Unknown
300134,大富科技,True,,159863588.5,10.455000000000002,60,2025-01-02,False,False,False,True,False,False,Unknown
300153,科泰电源,True,,467495355.7,27.046499999999998,60,2025-01-02,False,False,False,False,False,False,Unknown
300166,东方国信,True,,2479268287.2833333,322.5998333333333,60,2025-01-02,False,False,False,False,False,False,Unknown
300170,汉得信息,True,,1233263845.2333333,129.52666666666667,60,2025-01-02,False,False,False,False,False,False,Unknown
300182,捷成股份,True,,894810704.2166667,174.95116666666667,60,2025-01-02,False,False,False,False,False,False,Unknown
300184,力源信息,True,,2087909859.75,130.83866666666668,60,2025-01-02,False,False,False,False,False,False,Unknown
300185,通裕重工,True,,415351952.55,26.9945,60,2025-01-02,False,False,False,False,False,False,Unknown
300199,翰宇药业,True,,1162480004.9333334,185.7028333333333,60,2025-01-02,False,False,False,False,False,False,Unknown
300224,正海磁材,True,,388156498.05,68.063,60,2025-01-02,False,False,False,False,False,False,Unknown
300229,拓尔思,True,,429559729.3833333,92.02466666666669,60,2025-01-02,False,False,False,False,False,False,Unknown
300236,上海新阳,True,,1607335194.25,255.31900000000002,60,2025-01-02,False,False,False,False,False,False,Unknown
300244,迪安诊断,True,,604697820.95,199.33583333333334,60,2025-01-02,False,False,False,False,False,False,Unknown
300253,卫宁健康,True,,521592913.1166667,286.276,60,2025-01-02,False,False,False,False,False,False,Unknown
300257,开山股份,True,,407006533.81666666,198.19300000000004,60,2025-01-02,False,False,False,False,False,False,Unknown
300260,新莱应材,True,,1728433275.8166666,365.8903333333332,60,2025-01-02,False,False,False,False,False,False,Unknown
300276,三丰智能,True,,565919853.4,126.40050000000001,60,2025-01-02,False,False,False,False,False,False,Unknown
300296,利亚德,True,,877112941.0333333,134.0558333333333,60,2025-01-02,False,False,False,False,False,False,Unknown
300303,聚飞光电,True,,1335348732.5333333,167.5635,60,2025-01-02,False,False,False,False,False,False,Unknown
300315,掌趣科技,True,,305915023.8666667,55.91,60,2025-01-02,False,False,False,False,False,False,Unknown
300319,麦捷科技,True,,2264053362.3166666,147.21166666666664,60,2025-01-02,False,False,False,False,False,False,Unknown
300322,硕贝德,True,,1352022727.25,132.043,60,2025-01-02,False,False,False,False,False,False,Unknown
300323,华灿光电,True,,2129251867.9333334,51.92000000000001,60,2025-01-02,False,False,False,False,False,False,Unknown
300327,中颖电子,True,,595064172.1166667,88.11316666666667,60,2025-01-02,False,False,False,False,False,False,Unknown
300337,银邦股份,True,,450668635.9,58.31283333333332,60,2025-01-02,False,False,False,False,False,False,Unknown
300342,天银机电,True,,2652444555.0833335,245.7943333333333,60,2025-01-02,False,False,False,False,False,False,Unknown
300348,长亮科技,True,,205728882.26666668,11.06366666666667,60,2025-01-02,False,False,False,True,False,False,Unknown
300353,东土科技,True,,523606699.5,133.71200000000005,60,2025-01-02,False,False,False,False,False,False,Unknown
300357,我武生物,True,,234833092.86666667,134.69433333333333,60,2025-01-02,False,False,False,True,False,False,Unknown
300363,博腾股份,True,,334068018.95,72.1805,60,2025-01-02,False,False,False,False,False,False,Unknown
300376,易事特,True,,248547915.5,138.6635,60,2025-01-02,False,False,False,False,False,False,Unknown
300378,鼎捷数智,True,,513582206.01666665,91.5685,60,2025-01-02,False,False,False,False,False,False,Unknown
300398,飞凯材料,True,,2830008431.8,226.2371666666667,60,2025-01-02,False,False,False,False,False,False,Unknown
300409,道氏技术,True,,732967174.8166667,143.33516666666665,60,2025-01-02,False,False,False,False,False,False,Unknown
300415,伊之密,True,,209100677.7,101.02183333333333,60,2025-01-02,False,False,False,True,False,False,Unknown
300416,苏试试验,True,,482734217.85,128.31433333333334,60,2025-01-02,False,False,False,False,False,False,Unknown
300428,立中集团,True,,192388909.73333332,81.47816666666667,60,2025-01-02,False,False,False,True,False,False,Unknown
300438,鹏辉能源,True,,2772900982.4,354.5555,60,2025-01-02,False,False,False,False,False,False,Unknown
300443,金雷股份,True,,267075508.23333332,114.92316666666666,60,2025-01-02,False,False,False,False,False,False,Unknown
300446,航天智造,True,,242617928.8,64.27433333333333,60,2025-01-02,False,False,False,False,False,False,Unknown
300455,航天智装,True,,309922573.28333336,90.70616666666666,60,2025-01-02,False,False,False,False,False,False,Unknown
300456,赛微电子,True,,2630276440.983333,272.2685,60,2025-01-02,False,False,False,False,False,False,Unknown
300457,赢合科技,True,,491689380.48333335,153.58766666666665,60,2025-01-02,False,False,False,False,False,False,Unknown
300459,汤姆猫,True,,357251525.01666665,53.841,60,2025-01-02,False,False,False,False,False,False,Unknown
300468,四方精创,True,,653849850.4833333,131.86383333333336,60,2025-01-02,False,False,False,False,False,False,Unknown
300482,万孚生物,True,,205645934.18333334,93.49983333333333,60,2025-01-02,False,False,False,True,False,False,Unknown
300493,润欣科技,True,,279478713.45,61.28216666666667,60,2025-01-02,False,False,False,False,False,False,Unknown
300503,昊志机电,True,,2183479597.3,191.7071666666667,60,2025-01-02,False,False,False,False,False,False,Unknown
300568,星源材质,True,,1784923159.2333333,126.47116666666666,60,2025-01-02,False,False,False,False,False,False,Unknown
300573,兴齐眼药,True,,358944199.43333334,186.82583333333332,60,2025-01-02,False,False,False,False,False,False,Unknown
300576,容大感光,True,,1243283410.4666667,186.00249999999997,60,2025-01-02,False,False,False,False,False,False,Unknown
300580,贝斯特,True,,424726460.78333336,61.12016666666668,60,2025-01-02,False,False,False,False,False,False,Unknown
300593,新雷能,True,,1043515962.0333333,132.34983333333332,60,2025-01-02,False,False,False,False,False,False,Unknown
300598,诚迈科技,True,,202905586.2,88.65683333333331,60,2025-01-02,False,False,False,True,False,False,Unknown
300601,康泰生物,True,,205925285.01666668,32.94083333333334,60,2025-01-02,False,False,False,True,False,False,Unknown
300602,飞荣达,True,,1352999946.2666667,196.96383333333333,60,2025-01-02,False,False,False,False,False,False,Unknown
300607,拓斯达,True,,1174962157.45,179.29083333333332,60,2025-01-02,False,False,False,False,False,False,Unknown
300613,富瀚微,True,,996709761.15,60.87116666666667,60,2025-01-02,False,False,False,False,False,False,Unknown
300618,寒锐钴业,True,,467945571.8,96.65633333333334,60,2025-01-02,False,False,False,False,False,False,Unknown
300624,万兴科技,True,,554998112.7,141.49699999999999,60,2025-01-02,False,False,False,False,False,False,Unknown
300634,彩讯股份,True,,470665058.76666665,25.229499999999998,60,2025-01-02,False,False,False,False,False,False,Unknown
300638,广和通,True,,405764798.51666665,198.8491666666667,60,2025-01-02,False,False,False,False,False,False,Unknown
300641,正丹股份,True,,239234786.0,32.021166666666666,60,2025-01-02,False,False,False,False,False,False,Unknown
300655,晶瑞电材,True,,1379146447.8666666,150.29516666666666,60,2025-01-02,False,False,False,False,False,False,Unknown
300657,弘信电子,True,,2569165608.15,141.06683333333334,60,2025-01-02,False,False,False,False,False,False,Unknown
300660,江苏雷利,True,,404915708.4,209.55383333333333,60,2025-01-02,False,False,False,False,False,False,Unknown
300672,国科微,True,,3155728768.133333,408.8786666666666,60,2025-01-02,False,False,False,False,False,False,Unknown
300674,宇信科技,True,,213170729.63333333,31.118333333333336,60,2025-01-02,False,False,False,True,False,False,Unknown
300680,隆盛科技,True,,344679685.3,98.44766666666666,60,2025-01-02,False,False,False,False,False,False,Unknown
300682,朗新科技,True,,282294598.0,21.584333333333337,60,2025-01-02,False,False,False,False,False,False,Unknown
300684,中石科技,True,,979961727.9833333,199.7585,60,2025-01-02,False,False,False,False,False,False,Unknown
300685,艾德生物,True,,214896912.28333333,101.6195,60,2025-01-02,False,False,False,True,False,False,Unknown
300687,赛意信息,True,,713303799.5,118.19133333333335,60,2025-01-02,False,False,False,False,False,False,Unknown
300693,盛弘股份,True,,1013898354.3,182.5806666666667,60,2025-01-02,False,False,False,False,False,False,Unknown
300723,一品红,True,,685450955.1666666,105.84083333333334,60,2025-01-02,False,False,False,False,False,False,Unknown
300725,药石科技,True,,309173568.6166667,95.56466666666667,60,2025-01-02,False,False,False,False,False,False,Unknown
300726,宏达电子,True,,1262862311.0666666,68.33533333333335,60,2025-01-02,False,False,False,False,False,False,Unknown
300738,奥飞数据,True,,1818100879.4833333,278.7,60,2025-01-02,False,False,False,False,False,False,Unknown
300747,锐科激光,True,,1705979955.55,187.36,60,2025-01-02,False,False,False,False,False,False,Unknown
300761,立华股份,True,,205003215.95,40.65366666666667,60,2025-01-02,False,False,False,True,False,False,Unknown
300762,上海瀚讯,True,,1745686417.3333333,165.44833333333335,60,2025-01-02,False,False,False,False,False,False,Unknown
300772,运达股份,True,,327384143.1333333,27.673499999999997,60,2025-01-02,False,False,False,False,False,False,Unknown
300773,拉卡拉,True,,984438769.7,57.9555,60,2025-01-02,False,False,False,False,False,False,Unknown
300775,三角防务,True,,617778879.2166667,29.108333333333338,60,2025-01-02,False,False,False,False,False,False,Unknown
300776,帝尔激光,True,,2446322787.4166665,594.5663333333334,60,2025-01-02,False,False,False,False,False,False,Unknown
300777,中简科技,True,,584561989.0833334,34.63,60,2025-01-02,False,False,False,False,False,False,Unknown
300779,惠城环保,True,,592737510.75,113.25600000000001,60,2025-01-02,False,False,False,False,False,False,Unknown
300806,斯迪克,True,,1958682888.5,296.3818333333333,60,2025-01-02,False,False,False,False,False,False,Unknown
300809,华辰装备,True,,347102546.68333334,56.254000000000005,60,2025-01-02,False,False,False,False,False,False,Unknown
300811,铂科新材,True,,1627723758.2666667,515.5468333333334,60,2025-01-02,False,False,False,False,False,False,Unknown
300814,中富电路,True,,1389880058.05,143.79266666666666,60,2025-01-02,False,False,False,False,False,False,Unknown
300820,英杰电气,True,,488138392.8333333,218.72650000000002,60,2025-01-02,False,False,False,False,False,False,Unknown
300821,东岳硅材,True,,1499646646.4333334,17.84916666666667,60,2025-01-02,False,False,False,False,False,False,Unknown
300827,上能电气,True,,904138712.3,226.56283333333334,60,2025-01-02,False,False,False,False,False,False,Unknown
300850,新强联,True,,526841794.3333333,103.25666666666665,60,2025-01-02,False,False,False,False,False,False,Unknown
300855,图南股份,True,,280242236.03333336,74.76433333333334,60,2025-01-02,False,False,False,False,False,False,Unknown
300861,美畅股份,True,,502085472.28333336,36.0565,60,2025-01-02,False,False,False,False,False,False,Unknown
300870,欧陆通,True,,1911143092.7333333,417.1221666666666,60,2025-01-02,False,False,False,False,False,False,Unknown
300872,天阳科技,True,,363613972.8333333,33.503499999999995,60,2025-01-02,False,False,False,False,False,False,Unknown
300910,瑞丰新材,True,,232847399.51666668,93.50733333333334,60,2025-01-02,False,False,False,True,False,False,Unknown
300913,兆龙互连,True,,660191379.5666667,139.6353333333333,60,2025-01-02,False,False,False,False,False,False,Unknown
300925,法本信息,True,,257590982.51666668,52.2975,60,2025-01-02,False,False,False,False,False,False,Unknown
300969,恒帅股份,True,,434848777.6166667,200.93016666666665,60,2025-01-02,False,False,False,False,False,False,Unknown
300990,同飞股份,True,,591933645.9833333,311.0731666666667,60,2025-01-02,False,False,False,False,False,False,Unknown
301000,肇民科技,True,,300813719.31666666,163.44300000000007,60,2025-01-02,False,False,False,False,False,False,Unknown
301005,超捷股份,True,,1398008665.7166667,383.9414999999999,60,2025-01-02,False,False,False,False,False,False,Unknown
301015,百洋医药,True,,194776746.28333333,25.863500000000002,60,2025-01-02,False,False,False,True,False,False,Unknown
301018,申菱环境,True,,1875707450.9333334,144.21333333333334,60,2025-01-02,False,False,False,False,False,False,Unknown
301029,怡合达,True,,558746855.5833334,43.92066666666667,60,2025-01-02,False,False,False,False,False,False,Unknown
301031,中熔电气,True,,615166716.35,250.82666666666668,60,2025-01-02,False,False,False,False,False,False,Unknown
301050,雷电微力,True,,251105233.35,101.67000000000002,60,2025-01-02,False,False,False,False,False,False,Unknown
301078,孩子王,True,,254426805.58333334,8.522,60,2025-01-02,False,False,False,False,False,False,Unknown
301095,广立微,True,,1190443937.4166667,98.20916666666668,60,2025-01-02,False,False,False,False,False,False,Unknown
301127,武汉天源,True,,315401700.7,21.995833333333337,60,2025-01-02,False,False,False,False,False,False,Unknown
301155,海力风电,True,,311846815.43333334,58.916500000000006,60,2025-01-02,False,False,False,False,False,False,Unknown
301171,易点天下,True,,2606846816.0833335,50.60916666666666,60,2025-01-02,False,False,False,False,False,False,Unknown
301196,唯科科技,True,,874722218.0666667,158.2365,60,2025-01-02,False,False,False,False,False,False,Unknown
301205,联特科技,True,,3089790203.9,529.4751666666666,60,2025-01-02,False,False,False,False,False,False,Unknown
301216,万凯新材,True,,369988999.46666664,41.98633333333334,60,2025-01-02,False,False,False,False,False,False,Unknown
301217,铜冠铜箔,True,,4719744469.033334,107.609,60,2025-01-02,False,False,False,False,False,False,Unknown
301219,腾远钴业,True,,921137734.0,204.7805,60,2025-01-02,False,False,False,False,False,False,Unknown
301225,恒勃股份,True,,267184542.31666666,105.07133333333333,60,2025-01-02,False,False,False,False,False,False,Unknown
301238,瑞泰新材,True,,437995307.15,23.227666666666664,60,2025-01-02,False,False,False,False,False,False,Unknown
301275,汉朔科技,True,,370081024.78333336,44.10716666666667,60,2025-03-11,False,False,False,False,False,False,Unknown
301291,明阳电气,True,,628380846.7,52.64933333333333,60,2025-01-02,False,False,False,False,False,False,Unknown
301293,三博脑科,True,,502264132.51666665,79.96883333333335,60,2025-01-02,False,False,False,False,False,False,Unknown
301297,富乐德,True,,1089424077.5,46.351166666666664,60,2025-01-02,False,False,False,False,False,False,Unknown
301316,慧博云通,True,,834009587.0166667,46.38,60,2025-01-02,False,False,False,False,False,False,Unknown
301345,涛涛车业,True,,371932148.43333334,254.29566666666668,60,2025-01-02,False,False,False,False,False,False,Unknown
301363,美好医疗,True,,393793869.2,39.26333333333333,60,2025-01-02,False,False,False,False,False,False,Unknown
301389,隆扬电子,True,,1003919996.4,82.59583333333333,60,2025-01-02,False,False,False,False,False,False,Unknown
301392,汇成真空,True,,1128456342.7,186.10433333333333,60,2025-01-02,False,False,False,False,False,False,Unknown
301396,宏景科技,True,,3496473113.3166666,518.9836666666666,60,2025-01-02,False,False,False,False,False,False,Unknown
301413,安培龙,True,,561940864.4666667,149.101,60,2025-01-02,False,False,False,False,False,False,Unknown
301421,波长光电,True,,817336041.1833333,102.01699999999998,60,2025-01-02,False,False,False,False,False,False,Unknown
301458,钧崴电子,True,,709815794.9,47.75616666666667,60,2025-01-10,False,False,False,False,False,False,Unknown
301487,盟固利,True,,377438075.4166667,23.030999999999995,60,2025-01-02,False,False,False,False,False,False,Unknown
301488,豪恩汽电,True,,366249761.65,142.7215,60,2025-01-02,False,False,False,False,False,False,Unknown
301489,思泉新材,True,,1201336683.6666667,318.45783333333327,60,2025-01-02,False,False,False,False,False,False,Unknown
301500,飞南资源,True,,533919809.1,38.07816666666667,60,2025-01-02,False,False,False,False,False,False,Unknown
301510,固高科技,True,,482041377.85,35.331999999999994,60,2025-01-02,False,False,False,False,False,False,Unknown
301511,德福科技,True,,4396803347.483334,148.6996666666667,60,2025-01-02,False,False,False,False,False,False,Unknown
301522,上大股份,True,,180175365.55,29.882000000000005,60,2025-01-02,False,False,False,True,False,False,Unknown
301550,斯菱智驱,True,,1113409232.9333334,348.03516666666667,60,2025-01-02,False,False,False,False,False,False,Unknown
301565,中仑新材,True,,247601726.05,23.959333333333333,60,2025-01-02,False,False,False,False,False,False,Unknown
301571,国科天成,True,,304157355.6333333,66.04966666666665,60,2025-01-02,False,False,False,False,False,False,Unknown
301592,六九一二,True,,207972057.9,121.87916666666666,60,2025-01-02,False,False,False,True,False,False,Unknown
301626,苏州天脉,True,,720066923.55,303.0971666666667,60,2025-01-02,False,False,False,False,False,False,Unknown
301631,壹连科技,True,,294788770.43333334,161.02083333333334,60,2025-01-02,False,False,False,False,False,False,Unknown
301658,首航新能,True,,340235285.51666665,36.36566666666667,60,2025-04-02,False,False,False,False,False,False,Unknown
301662,宏工科技,True,,316459138.98333335,155.441,60,2025-04-17,False,False,False,False,False,False,Unknown
301678,新恒汇,True,,313735438.98333335,62.06583333333333,60,2025-06-20,False,False,False,False,False,False,Unknown
600056,中国医药,True,,216803750.6,141.59383333333335,60,2025-01-02,False,False,False,True,False,False,Unknown
600075,新疆天业,True,,156010065.58333334,5.433666666666667,60,2025-01-02,False,False,False,True,False,False,Unknown
600094,大名城,True,,109854436.76666667,4.328166666666666,60,2025-01-02,False,False,False,True,False,False,Unknown
600113,浙江东日,True,,281526433.6166667,39.47116666666667,60,2025-01-02,False,False,False,False,False,False,Unknown
600114,东睦股份,True,,1091844474.15,36.30166666666667,60,2025-01-02,False,False,False,False,False,False,Unknown
600116,三峡水利,True,,184531203.66666666,6.454666666666667,60,2025-01-02,False,False,False,True,False,False,Unknown
600120,浙江东方,True,,229582143.35,5.039000000000001,60,2025-01-02,False,False,False,True,False,False,Unknown
600123,兰花科创,True,,231401750.3,6.461833333333333,60,2025-01-02,False,False,False,True,False,False,Unknown
600129,太极集团,True,,119230570.7,14.555166666666668,60,2025-01-02,False,False,False,True,False,False,Unknown
600133,东湖高新,True,,248186817.0,8.643166666666668,60,2025-01-02,False,False,False,False,False,False,Unknown
600151,航天机电,True,,907441734.7166667,13.362666666666664,60,2025-01-02,False,False,False,False,False,False,Unknown
600155,华创云信,True,,164363765.61666667,5.882666666666666,60,2025-01-02,False,False,False,True,False,False,Unknown
600158,中体产业,True,,917149490.35,10.201666666666664,60,2025-01-02,False,False,False,False,False,False,Unknown
600163,中闽能源,True,,356950187.18333334,6.112833333333334,60,2025-01-02,False,False,False,False,False,False,Unknown
600179,安通控股,True,,209617092.48333332,4.454999999999999,60,2025-01-02,False,False,False,True,False,False,Unknown
600184,光电股份,True,,1220301045.3333333,25.747666666666667,60,2025-01-02,False,False,False,False,False,False,Unknown
600185,珠免集团,True,,123264163.1,5.374666666666667,60,2025-01-02,False,False,False,True,False,False,Unknown
600186,莲花控股,True,,2998533843.116667,10.957833333333333,60,2025-01-02,False,False,False,False,False,False,Unknown
600201,生物股份,True,,356436530.45,13.134500000000001,60,2025-01-02,False,False,False,False,False,False,Unknown
600206,有研新材,True,,3584471718.133333,34.43516666666666,60,2025-01-02,False,False,False,False,False,False,Unknown
600210,紫江企业,True,,116660805.88333334,6.6946666666666665,60,2025-01-02,False,False,False,True,False,False,Unknown
600211,西藏药业,True,,134569296.63333333,39.06333333333334,60,2025-01-02,False,False,False,True,False,False,Unknown
600216,浙江医药,True,,254272824.11666667,13.028833333333333,60,2025-01-02,False,False,False,False,False,False,Unknown
600226,亨通股份,True,,1312940265.65,6.9295,60,2025-01-02,False,False,False,False,False,False,Unknown
600246,万通发展,True,,2413052250.516667,14.419833333333333,60,2025-01-02,False,False,False,False,False,False,Unknown
600258,首旅酒店,True,,242994172.53333333,13.089333333333332,60,2025-01-02,False,False,False,False,False,False,Unknown
600259,中稀有色,True,,1780860940.7666667,95.75816666666668,60,2025-01-02,False,False,False,False,False,False,Unknown
600266,城建发展,True,,193537802.81666666,4.688999999999999,60,2025-01-02,False,False,False,True,False,False,Unknown
600267,海正药业,True,,265988578.83333334,10.446,60,2025-01-02,False,False,False,False,False,False,Unknown
600268,国电南自,True,,372015726.01666665,13.659,60,2025-01-02,False,False,False,False,False,False,Unknown
600273,嘉化能源,True,,147555583.73333332,7.566666666666666,60,2025-01-02,False,False,False,True,False,False,Unknown
600285,羚锐制药,True,,160440912.06666666,20.531499999999998,60,2025-01-02,False,False,False,True,False,False,Unknown
600301,华锡有色,True,,1028274500.2,57.6165,60,2025-01-02,False,False,False,False,False,False,Unknown
600315,上海家化,True,,106563914.3,18.814166666666665,60,2025-01-02,False,False,False,True,False,False,Unknown
600320,振华重工,True,,241799218.0,4.798666666666667,60,2025-01-02,False,False,False,False,False,False,Unknown
600323,瀚蓝环境,True,,199838233.75,29.794666666666668,60,2025-01-02,False,False,False,True,False,False,Unknown
600328,中盐化工,True,,213494232.61666667,7.3865,60,2025-01-02,False,False,False,True,False,False,Unknown
600330,天通股份,True,,4900905252.5,28.514833333333332,60,2025-01-02,False,False,False,False,False,False,Unknown
600331,宏达股份,True,,908863460.0166667,14.871833333333335,60,2025-01-02,False,False,False,False,False,False,Unknown
600338,西藏珠峰,True,,1614845327.85,19.477666666666668,60,2025-01-02,False,False,False,False,False,False,Unknown
600345,长江通信,True,,1097416859.0833333,56.1425,60,2025-01-02,False,False,False,False,False,False,Unknown
600361,创新新材,True,,289282357.9,4.145333333333332,60,2025-01-02,False,False,False,False,False,False,Unknown
600366,宁波韵升,True,,732896210.6333333,13.4775,60,2025-01-02,False,False,False,False,False,False,Unknown
600388,龙净环保,True,,306129868.68333334,17.604666666666667,60,2025-01-02,False,False,False,False,False,False,Unknown
600389,江山股份,True,,223477356.43333334,25.333833333333335,60,2025-01-02,False,False,False,True,False,False,Unknown
600391,航发科技,True,,566575053.3,37.36683333333334,60,2025-01-02,False,False,False,False,False,False,Unknown
600395,盘江股份,True,,211229742.98333332,5.408833333333333,60,2025-01-02,False,False,False,True,False,False,Unknown
600399,抚顺特钢,True,,218695196.56666666,5.0153333333333325,60,2025-01-02,False,False,False,True,False,False,Unknown
600403,大有能源,True,,341305511.56666666,5.915666666666666,60,2025-01-02,False,False,False,False,False,False,Unknown
600409,三友化工,True,,313701672.76666665,6.797166666666667,60,2025-01-02,False,False,False,False,False,False,Unknown
600416,湘电股份,True,,342896102.76666665,11.520666666666669,60,2025-01-02,False,False,False,False,False,False,Unknown
600428,中远海特,True,,326591280.43333334,8.287666666666665,60,2025-01-02,False,False,False,False,False,False,Unknown
600446,金证股份,True,,306973804.43333334,12.568166666666668,60,2025-01-02,False,False,False,False,False,False,Unknown
600452,涪陵电力,True,,625434276.1166667,11.429333333333336,60,2025-01-02,False,False,False,False,False,False,Unknown
600456,宝钛股份,True,,307352757.85,31.941166666666664,60,2025-01-02,False,False,False,False,False,False,Unknown
600458,时代新材,True,,524402619.1666667,13.638000000000003,60,2025-01-02,False,False,False,False,False,False,Unknown
600459,贵研铂业,True,,1010878449.4666667,22.716500000000003,60,2025-01-02,False,False,False,False,False,False,Unknown
600475,华光环能,True,,259985509.8,16.327166666666663,60,2025-01-02,False,False,False,False,False,False,Unknown
600478,科力远,True,,287419476.78333336,6.444666666666666,60,2025-01-02,False,False,False,False,False,False,Unknown
600480,凌云股份,True,,401633776.85,10.309666666666667,60,2025-01-02,False,False,False,False,False,False,Unknown
600490,鹏欣资源,True,,397406488.25,7.600166666666667,60,2025-01-02,False,False,False,False,False,False,Unknown
600502,安徽建工,True,,190171052.91666666,4.976166666666668,60,2025-01-02,False,False,False,True,False,False,Unknown
600507,方大特钢,True,,172332851.8,4.821166666666667,60,2025-01-02,False,False,False,True,False,False,Unknown
600508,上海能源,True,,136726485.66666666,9.075166666666666,60,2025-01-02,False,False,False,True,False,False,Unknown
600509,天富能源,True,,557112124.7333333,8.608666666666666,60,2025-01-02,False,False,False,False,False,False,Unknown
600528,中铁工业,True,,111051286.93333334,7.4481666666666655,60,2025-01-02,False,False,False,True,False,False,Unknown
600529,山东药玻,True,,176693492.2,18.48616666666667,60,2025-01-02,False,False,False,True,False,False,Unknown
600531,豫光金铅,True,,1252116998.4166667,14.194166666666668,60,2025-01-02,False,False,False,False,False,False,Unknown
600550,保变电气,True,,793176323.3,13.937166666666666,60,2025-01-02,False,False,False,False,False,False,Unknown
600552,凯盛科技,True,,2264406493.7,19.598833333333335,60,2025-01-02,False,False,False,False,False,False,Unknown
600556,天下秀,True,,286916470.9,5.436999999999999,60,2025-01-02,False,False,False,False,False,False,Unknown
600559,老白干酒,True,,154937882.31666666,12.597,60,2025-01-02,False,False,False,True,False,False,Unknown
600572,康恩贝,True,,236928962.7,4.1450000000000005,60,2025-01-02,False,False,False,False,False,False,Unknown
600575,淮河能源,True,,322509061.3666667,3.6046666666666667,60,2025-01-02,False,False,False,False,False,False,Unknown
600577,精达股份,True,,891698665.7,12.314333333333334,60,2025-01-02,False,False,False,False,False,False,Unknown
600596,新安股份,True,,889861499.8666667,13.436666666666667,60,2025-01-02,False,False,False,False,False,False,Unknown
600618,氯碱化工,True,,133662211.26666667,11.482999999999999,60,2025-01-02,False,False,False,True,False,False,Unknown
600619,海立股份,True,,503107920.5,16.433833333333336,60,2025-01-02,False,False,False,False,False,False,Unknown
600621,华鑫股份,True,,173662354.4,13.564833333333333,60,2025-01-02,False,False,False,True,False,False,Unknown
600623,华谊集团,True,,246897224.88333333,9.232999999999999,60,2025-01-02,False,False,False,False,False,False,Unknown
600629,华建集团,True,,406202813.8666667,15.251166666666668,60,2025-01-02,False,False,False,False,False,False,Unknown
600633,浙数文化,True,,440548420.53333336,12.048833333333333,60,2025-01-02,False,False,False,False,False,False,Unknown
600635,大众公用,True,,294121704.6166667,5.0969999999999995,60,2025-01-02,False,False,False,False,False,False,Unknown
600640,国脉文化,True,,120924316.18333334,11.664333333333332,60,2025-01-02,False,False,False,True,False,False,Unknown
600641,先导基电,True,,2254079366.45,29.930833333333332,60,2025-01-02,False,False,False,False,False,False,Unknown
600643,爱建集团,True,,102786724.75,4.472333333333334,60,2025-01-02,False,False,False,True,False,False,Unknown
600645,中源协和,True,,239147998.36666667,22.152833333333334,60,2025-01-02,False,False,False,False,False,False,Unknown
600651,飞乐音响,True,,154889550.16666666,6.4799999999999995,60,2025-01-02,False,False,False,True,False,False,Unknown
600654,中安科,True,,586197128.7,3.500333333333333,60,2025-01-02,False,False,False,False,False,False,Unknown
600664,哈药股份,True,,424262203.3666667,3.4690000000000003,60,2025-01-02,False,False,False,False,False,False,Unknown
600667,太极实业,True,,4633951032.3,15.566,60,2025-01-02,False,False,False,False,False,False,Unknown
600682,南京新百,True,,110054867.38333334,6.185166666666666,60,2025-01-02,False,False,False,True,False,False,Unknown
600686,金龙汽车,True,,284075282.8333333,14.1885,60,2025-01-02,False,False,False,False,False,False,Unknown
600710,苏美达,True,,172674439.13333333,11.307666666666666,60,2025-01-02,False,False,False,True,False,False,Unknown
600717,天津港,True,,110305475.98333333,4.341333333333334,60,2025-01-02,False,False,False,True,False,False,Unknown
600718,东软集团,True,,103797751.7,8.403166666666667,60,2025-01-02,False,False,False,True,False,False,Unknown
600726,华电能源,True,,2132399113.2666667,7.200833333333334,60,2025-01-02,False,False,False,False,False,False,Unknown
600728,佳都科技,True,,168463176.2,5.057833333333333,60,2025-01-02,False,False,False,True,False,False,Unknown
600739,辽宁成大,True,,136207112.51666668,11.010000000000002,60,2025-01-02,False,False,False,True,False,False,Unknown
600740,山西焦化,True,,166836220.4,3.835,60,2025-01-02,False,False,False,True,False,False,Unknown
600744,华银电力,True,,1247372196.95,7.787833333333333,60,2025-01-02,False,False,False,False,False,False,Unknown
600746,江苏索普,True,,115967051.08333333,7.156666666666666,60,2025-01-02,False,False,False,True,False,False,Unknown
600750,华润江中,True,,122882943.56666666,23.80833333333333,60,2025-01-02,False,False,False,True,False,False,Unknown
600751,海航科技,True,,144060779.5,3.4046666666666665,60,2025-01-02,False,False,False,True,False,False,Unknown
600869,远东股份,True,,2988800571.35,24.026000000000003,60,2025-01-02,False,False,False,False,False,False,Unknown
600872,中炬高新,True,,361558419.4166667,19.275666666666666,60,2025-01-02,False,False,False,False,False,False,Unknown
600877,电科芯片,True,,444391566.8666667,15.906833333333333,60,2025-01-02,False,False,False,False,False,False,Unknown
600882,妙可蓝多,True,,163355283.7,18.832000000000004,60,2025-01-02,False,False,False,True,False,False,Unknown
600888,新疆众和,True,,946013038.05,10.723500000000001,60,2025-01-02,False,False,False,False,False,False,Unknown
600916,中国黄金,True,,225154544.51666668,8.036,60,2025-01-02,False,False,False,True,False,False,Unknown
600929,雪天盐业,True,,169793109.31666666,5.892166666666665,60,2025-01-02,False,False,False,True,False,False,Unknown
600933,爱柯迪,True,,266902130.58333334,15.905833333333334,60,2025-01-02,False,False,False,False,False,False,Unknown
600956,新天绿能,True,,206585569.9,8.289666666666665,60,2025-01-02,False,False,False,True,False,False,Unknown
600961,株冶集团,True,,1802981775.9666667,27.2355,60,2025-01-02,False,False,False,False,False,False,Unknown
600963,岳阳林纸,True,,125541928.2,4.059333333333333,60,2025-01-02,False,False,False,True,False,False,Unknown
600971,恒源煤电,True,,149735704.51666668,7.495,60,2025-01-02,False,False,False,True,False,False,Unknown
600986,浙文互联,True,,1188112191.8,9.241999999999997,60,2025-01-02,False,False,False,False,False,False,Unknown
600993,马应龙,True,,107042992.08333333,24.204,60,2025-01-02,False,False,False,True,False,False,Unknown
600996,贵广网络,True,,363331392.76666665,8.668000000000001,60,2025-01-02,False,False,False,False,False,False,Unknown
601020,华钰矿业,True,,950369273.7166667,26.818666666666665,60,2025-01-02,False,False,False,False,False,False,Unknown
601069,西部黄金,True,,556449807.45,28.882999999999996,60,2025-01-02,False,False,False,False,False,False,Unknown
601096,宏盛华源,True,,156802246.33333334,5.104500000000001,60,2025-01-02,False,False,False,True,False,False,Unknown
601101,昊华能源,True,,496578035.5,10.790166666666668,60,2025-01-02,False,False,False,False,False,False,Unknown
601126,四方股份,True,,2220974793.266667,65.294,60,2025-01-02,False,False,False,False,False,False,Unknown
601137,博威合金,True,,671565193.1,21.461166666666664,60,2025-01-02,False,False,False,False,False,False,Unknown
601187,厦门银行,True,,130040423.21666667,7.311000000000002,60,2025-01-02,False,False,False,True,False,False,Unknown
601208,东材科技,True,,4348276726.466666,52.171,60,2025-01-02,False,False,False,False,False,False,Unknown
601222,林洋能源,True,,236664124.61666667,6.080833333333333,60,2025-01-02,False,False,False,False,False,False,Unknown
601311,骆驼股份,True,,270929158.06666666,8.652999999999999,60,2025-01-02,False,False,False,False,False,False,Unknown
601369,陕鼓动力,True,,120873026.6,9.211666666666668,60,2025-01-02,False,False,False,True,False,False,Unknown
601375,中原证券,True,,185895326.46666667,4.012666666666667,60,2025-01-02,False,False,False,True,False,False,Unknown
601519,大智慧,True,,428098189.95,9.942666666666668,60,2025-01-02,False,False,False,False,False,False,Unknown
601595,上海电影,True,,103877663.33333333,21.167999999999996,60,2025-01-02,False,False,False,True,False,False,Unknown
601606,长城军工,True,,491390103.81666666,34.891666666666666,60,2025-01-02,False,False,False,False,False,False,Unknown
601609,金田股份,True,,921386131.0666667,11.672166666666667,60,2025-01-02,False,False,False,False,False,False,Unknown
601619,嘉泽新能,True,,362967293.8333333,5.264333333333335,60,2025-01-02,False,False,False,False,False,False,Unknown
601636,旗滨集团,True,,1085602861.7166667,6.943666666666668,60,2025-01-02,False,False,False,False,False,False,Unknown
601677,明泰铝业,True,,854817141.2333333,17.41866666666667,60,2025-01-02,False,False,False,False,False,False,Unknown
601678,滨化股份,True,,878688800.4,5.655833333333333,60,2025-01-02,False,False,False,False,False,False,Unknown
601702,华峰铝业,True,,237088995.16666666,18.001666666666665,60,2025-01-02,False,False,False,False,False,False,Unknown
601777,千里科技,True,,505592609.28333336,10.304166666666669,60,2025-01-02,False,False,False,False,False,False,Unknown
601778,晶科科技,True,,2398142274.0333333,5.784833333333333,60,2025-01-02,False,False,False,False,False,False,Unknown
601858,中国科传,True,,271618117.8666667,22.904999999999994,60,2025-01-02,False,False,False,False,False,False,Unknown
601882,海天精工,True,,144939186.45,20.797500000000003,60,2025-01-02,False,False,False,True,False,False,Unknown
601890,亚星锚链,True,,283753902.43333334,9.542333333333335,60,2025-01-02,False,False,False,False,False,False,Unknown
601908,京运通,True,,353090179.18333334,3.769333333333333,60,2025-01-02,False,False,False,False,False,False,Unknown
601918,新集能源,True,,620329705.1833333,8.973333333333333,60,2025-01-02,False,False,False,False,False,False,Unknown
601952,苏垦农发,True,,127297126.31666666,8.765166666666664,60,2025-01-02,False,False,False,True,False,False,Unknown
601963,重庆银行,True,,157142946.16666666,10.661833333333334,60,2025-01-02,False,False,False,True,False,False,Unknown
601965,中国汽研,True,,166076159.9,14.980999999999996,60,2025-01-02,False,False,False,True,False,False,Unknown
601969,海南矿业,True,,257817741.81666666,10.138166666666667,60,2025-01-02,False,False,False,False,False,False,Unknown
601975,招商南油,True,,1487772832.7333333,4.550166666666667,60,2025-01-02,False,False,False,False,False,False,Unknown
603005,晶方科技,True,,3328843821.983333,38.79516666666667,60,2025-01-02,False,False,False,False,False,False,Unknown
603009,北特科技,True,,530806398.76666665,48.98816666666667,60,2025-01-02,False,False,False,False,False,False,Unknown
603025,大豪科技,True,,213523747.61666667,15.1855,60,2025-01-02,False,False,False,True,False,False,Unknown
603026,石大胜华,True,,1731347560.4333334,94.79983333333334,60,2025-01-02,False,False,False,False,False,False,Unknown
603027,千禾味业,True,,140538924.61666667,8.283,60,2025-01-02,False,False,False,True,False,False,Unknown
603033,三维股份,True,,132731313.58333333,10.529666666666667,60,2025-01-02,False,False,False,True,False,False,Unknown
603039,泛微网络,True,,622579353.95,38.72749999999999,60,2025-01-02,False,False,False,False,False,False,Unknown
603063,禾望电气,True,,1802631412.1,49.609666666666655,60,2025-01-02,False,False,False,False,False,False,Unknown
603072,天和磁材,True,,163141695.51666668,37.57866666666667,60,2025-01-03,False,False,False,True,False,False,Unknown
603083,剑桥科技,True,,6056736370.45,188.1581666666667,60,2025-01-02,False,False,False,False,False,False,Unknown
603093,南华期货,True,,336691488.98333335,20.52566666666667,60,2025-01-02,False,False,False,False,False,False,Unknown
603099,长白山,True,,247167021.73333332,36.50083333333334,60,2025-01-02,False,False,False,False,False,False,Unknown
603100,川仪股份,True,,114325030.13333334,18.941499999999998,60,2025-01-02,False,False,False,True,False,False,Unknown
603103,横店影视,True,,253630475.21666667,19.892166666666665,60,2025-01-02,False,False,False,False,False,False,Unknown
603108,润达医疗,True,,282769623.93333334,12.192166666666667,60,2025-01-02,False,False,False,False,False,False,Unknown
603118,共进股份,True,,851533759.8833333,13.755166666666666,60,2025-01-02,False,False,False,False,False,False,Unknown
603124,江南新材,True,,579255950.35,147.53516666666667,60,2025-03-20,False,False,False,False,False,False,Unknown
603127,昭衍新药,True,,1261135144.3,37.12299999999998,60,2025-01-02,False,False,False,False,False,False,Unknown
603132,金徽股份,True,,139674069.15,17.858333333333334,60,2025-01-02,False,False,False,True,False,False,Unknown
603162,海通发展,True,,261636264.65,10.530166666666666,60,2025-01-02,False,False,False,False,False,False,Unknown
603166,福达股份,True,,192572525.33333334,13.8305,60,2025-01-02,False,False,False,True,False,False,Unknown
603169,兰石重装,True,,176525175.35,8.28,60,2025-01-02,False,False,False,True,False,False,Unknown
603171,税友股份,True,,351687634.18333334,50.485,60,2025-01-02,False,False,False,False,False,False,Unknown
603202,天有为,True,,121918355.3,70.493,60,2025-04-24,False,False,False,True,False,False,Unknown
603218,日月股份,True,,135615232.6,12.110333333333335,60,2025-01-02,False,False,False,True,False,False,Unknown
603219,富佳股份,True,,118822920.46666667,16.394666666666662,60,2025-01-02,False,False,False,True,False,False,Unknown
603220,中贝通信,True,,1243319225.0,26.636000000000003,60,2025-01-02,False,False,False,False,False,False,Unknown
603227,雪峰科技,True,,144668245.65,8.3845,60,2025-01-02,False,False,False,True,False,False,Unknown
603236,移远通信,True,,612949921.3166667,53.68800000000001,60,2025-01-02,False,False,False,False,False,False,Unknown
603267,鸿远电子,True,,1054144267.6333333,63.456500000000005,60,2025-01-02,False,False,False,False,False,False,Unknown
603279,景津装备,True,,141053376.61666667,15.481333333333335,60,2025-01-02,False,False,False,True,False,False,Unknown
603283,赛腾股份,True,,1453460404.1333334,51.18483333333334,60,2025-01-02,False,False,False,False,False,False,Unknown
603297,永新光学,True,,300390718.93333334,125.99816666666666,60,2025-01-02,False,False,False,False,False,False,Unknown
603300,海南华铁,True,,316854710.55,5.885,60,2025-01-02,False,False,False,False,False,False,Unknown
603301,振德医疗,True,,233541269.48333332,88.15883333333335,60,2025-01-02,False,False,False,True,False,False,Unknown
603305,旭升集团,True,,497533250.45,14.667666666666666,60,2025-01-02,False,False,False,False,False,False,Unknown
603306,华懋科技,True,,1748655509.0333333,104.89316666666666,60,2025-01-02,False,False,False,False,False,False,Unknown
603317,天味食品,True,,219107363.68333334,14.300666666666665,60,2025-01-02,False,False,False,True,False,False,Unknown
603319,美湖股份,True,,878047601.5166667,35.27816666666667,60,2025-01-02,False,False,False,False,False,False,Unknown
603323,苏农银行,True,,112114218.91666667,4.226999999999999,60,2025-01-02,False,False,False,True,False,False,Unknown
603327,福蓉科技,True,,386392706.75,10.229333333333333,60,2025-01-02,False,False,False,False,False,False,Unknown
603328,依顿电子,True,,582345457.0666667,12.810333333333334,60,2025-01-02,False,False,False,False,False,False,Unknown
603337,杰克科技,True,,186776115.8,39.78600000000001,60,2025-01-02,False,False,False,True,False,False,Unknown
603358,华达科技,True,,539050246.45,37.1565,60,2025-01-02,False,False,False,False,False,False,Unknown
603360,百傲化学,True,,433004247.2,21.158833333333334,60,2025-01-02,False,False,False,False,False,False,Unknown
603393,新天然气,True,,296138891.95,28.6205,60,2025-01-02,False,False,False,False,False,False,Unknown
603456,九洲药业,True,,247061327.71666667,13.8715,60,2025-01-02,False,False,False,False,False,False,Unknown
603477,巨星农牧,True,,284758557.95,16.377666666666666,60,2025-01-02,False,False,False,False,False,False,Unknown
603496,恒为科技,True,,523457072.95,26.880166666666664,60,2025-01-02,False,False,False,False,False,False,Unknown
603505,金石资源,True,,602677778.7166667,19.24716666666667,60,2025-01-02,False,False,False,False,False,False,Unknown
603508,思维列控,True,,112316815.26666667,23.39233333333333,60,2025-01-02,False,False,False,True,False,False,Unknown
603516,淳中科技,True,,1130887758.15,130.75500000000002,60,2025-01-02,False,False,False,False,False,False,Unknown
603530,神马电力,True,,290036903.15,57.162000000000006,60,2025-01-02,False,False,False,False,False,False,Unknown
603533,掌阅科技,True,,553084748.15,23.866999999999997,60,2025-01-02,False,False,False,False,False,False,Unknown
603556,海兴电力,True,,159670135.31666666,26.36633333333333,60,2025-01-02,False,False,False,True,False,False,Unknown
603567,珍宝岛,True,,147618610.08333334,6.405666666666666,60,2025-01-02,False,False,False,True,False,False,Unknown
603583,捷昌驱动,True,,169516068.58333334,27.314000000000004,60,2025-01-02,False,False,False,True,False,False,Unknown
603588,高能环境,True,,1264684340.4,15.238333333333335,60,2025-01-02,False,False,False,False,False,False,Unknown
603599,广信股份,True,,202068634.35,12.0235,60,2025-01-02,False,False,False,True,False,False,Unknown
603612,索通发展,True,,337344921.15,22.20483333333333,60,2025-01-02,False,False,False,False,False,False,Unknown
603613,国联股份,True,,309020943.8333333,23.988833333333336,60,2025-01-02,False,False,False,False,False,False,Unknown
603619,中曼石油,True,,585615338.3666667,27.200833333333332,60,2025-01-02,False,False,False,False,False,False,Unknown
603638,艾迪精密,True,,319813783.43333334,23.481166666666663,60,2025-01-02,False,False,False,False,False,False,Unknown
603662,柯力传感,True,,725321665.5666667,63.717999999999996,60,2025-01-02,False,False,False,False,False,False,Unknown
603663,三祥新材,True,,1250790655.0666666,62.342166666666664,60,2025-01-02,False,False,False,False,False,False,Unknown
603667,五洲新春,True,,2388798275.616667,71.49399999999999,60,2025-01-02,False,False,False,False,False,False,Unknown
603678,火炬电子,True,,1778245179.9,49.66433333333332,60,2025-01-02,False,False,False,False,False,False,Unknown
603690,至纯科技,True,,879517186.7833333,28.30133333333334,60,2025-01-02,False,False,False,False,False,False,Unknown
603693,江苏新能,True,,381685554.5,14.921833333333334,60,2025-01-02,False,False,False,False,False,False,Unknown
603698,航天工程,True,,1226336196.05,37.93583333333333,60,2025-01-02,False,False,False,False,False,False,Unknown
603713,密尔克卫,True,,234535192.25,59.3035,60,2025-01-02,False,False,False,True,False,False,Unknown
603730,岱美股份,True,,374161744.1166667,11.406333333333333,60,2025-01-02,False,False,False,False,False,False,Unknown
603733,仙鹤股份,True,,245663974.66666666,23.29283333333333,60,2025-01-02,False,False,False,False,False,False,Unknown
603809,豪能股份,True,,152241909.71666667,10.375166666666667,60,2025-01-02,False,False,False,True,False,False,Unknown
603826,坤彩科技,True,,369999056.68333334,31.549166666666668,60,2025-01-02,False,False,False,False,False,False,Unknown
603871,嘉友国际,True,,194005958.45,12.003166666666667,60,2025-01-02,False,False,False,True,False,False,Unknown
603876,鼎胜新材,True,,1111466391.3,26.688333333333336,60,2025-01-02,False,False,False,False,False,False,Unknown
603881,数据港,True,,1799192559.4333334,30.180833333333336,60,2025-01-02,False,False,False,False,False,False,Unknown
603883,老百姓,True,,105233067.98333333,12.344333333333337,60,2025-01-02,False,False,False,True,False,False,Unknown
603887,城地香江,True,,274011966.1166667,13.188333333333333,60,2025-01-02,False,False,False,False,False,False,Unknown
603888,新华网,True,,210357247.96666667,19.202166666666667,60,2025-01-02,False,False,False,True,False,False,Unknown
603915,国茂股份,True,,200294390.58333334,15.995333333333333,60,2025-01-02,False,False,False,True,False,False,Unknown
603919,金徽酒,True,,201781492.93333334,18.285666666666664,60,2025-01-02,False,False,False,True,False,False,Unknown
603927,中科软,True,,143464822.71666667,15.216666666666665,60,2025-01-02,False,False,False,True,False,False,Unknown
603929,亚翔集成,True,,1483854225.9166667,199.2711666666667,60,2025-01-02,False,False,False,False,False,False,Unknown
603950,长源东谷,True,,758981502.7833333,67.14483333333334,60,2025-01-02,False,False,False,False,False,False,Unknown
603992,松霖科技,True,,155980421.7,31.816333333333333,60,2025-01-02,False,False,False,True,False,False,Unknown
603997,继峰股份,True,,251700682.28333333,13.143333333333333,60,2025-01-02,False,False,False,False,False,False,Unknown
605011,杭州热电,True,,145906536.76666668,19.76116666666667,60,2025-01-02,False,False,False,True,False,False,Unknown
605020,永和股份,True,,1034369358.1666666,32.3065,60,2025-01-02,False,False,False,False,False,False,Unknown
605090,九丰能源,True,,958131612.75,39.72266666666666,60,2025-01-02,False,False,False,False,False,False,Unknown
605099,共创草坪,True,,201896734.08333334,39.571999999999996,60,2025-01-02,False,False,False,True,False,False,Unknown
605111,新洁能,True,,1749880207.0166667,57.86283333333333,60,2025-01-02,False,False,False,False,False,False,Unknown
605116,奥锐特,True,,109539016.78333333,21.515833333333333,60,2025-01-02,False,False,False,True,False,False,Unknown
605118,力鼎光电,True,,180839801.88333333,39.42799999999999,60,2025-01-02,False,False,False,True,False,False,Unknown
605123,派克新材,True,,442461600.25,103.70066666666666,60,2025-01-02,False,False,False,False,False,False,Unknown
605196,华通线缆,True,,578384257.95,39.025499999999994,60,2025-01-02,False,False,False,False,False,False,Unknown
605198,安德利,True,,324883476.21666664,56.32366666666667,60,2025-01-02,False,False,False,False,False,False,Unknown
605296,神农集团,True,,101451318.7,28.187500000000004,60,2025-01-02,False,False,False,True,False,False,Unknown
605376,博迁新材,True,,2424207621.8166666,167.12550000000002,60,2025-01-02,False,False,False,False,False,False,Unknown
605555,德昌股份,True,,124486503.13333334,15.029333333333335,60,2025-01-02,False,False,False,True,False,False,Unknown
605599,菜百股份,True,,101895531.16666667,16.8915,60,2025-01-02,False,False,False,True,False,False,Unknown
688001,华兴源创,True,,941149406.3166667,63.93249999999999,60,2025-01-02,False,False,False,False,False,False,Unknown
688003,天准科技,True,,763995086.7833333,94.85166666666666,60,2025-01-02,False,False,False,False,False,False,Unknown
688005,容百科技,True,,1001392423.3833333,33.013,60,2025-01-02,False,False,False,False,False,False,Unknown
688006,杭可科技,True,,674981726.05,33.450333333333326,60,2025-01-02,False,False,False,False,False,False,Unknown
688016,心脉医疗,True,,199743246.36666667,96.84133333333332,60,2025-01-02,False,False,False,True,False,False,Unknown
688025,杰普特,True,,1636085291.0166667,376.00283333333334,60,2025-01-02,False,False,False,False,False,False,Unknown
688029,南微医学,True,,139357235.35,75.89550000000001,60,2025-01-02,False,False,False,True,False,False,Unknown
688031,星环科技,True,,1132047040.5333333,128.8785,60,2025-01-02,False,False,False,False,False,False,Unknown
688032,禾迈股份,True,,164987930.71666667,100.65733333333333,60,2025-01-02,False,False,False,True,False,False,Unknown
688048,长光华芯,True,,5578489071.183333,375.3525,60,2025-01-02,False,False,False,False,False,False,Unknown
688050,爱博医疗,True,,114321992.5,44.7875,60,2025-01-02,False,False,False,True,False,False,Unknown
688062,迈威生物,True,,319705428.93333334,32.439,60,2025-01-02,False,False,False,False,False,False,Unknown
688063,派能科技,True,,776569484.4,67.134,60,2025-01-02,False,False,False,False,False,False,Unknown
688068,热景生物,True,,291915455.8333333,98.22516666666668,60,2025-01-02,False,False,False,False,False,False,Unknown
688083,中望软件,True,,330910961.98333335,58.56433333333333,60,2025-01-02,False,False,False,False,False,False,Unknown
688088,虹软科技,True,,319245071.73333335,39.81333333333334,60,2025-01-02,False,False,False,False,False,False,Unknown
688091,上海谊众,True,,302066933.21666664,50.68983333333333,60,2025-01-02,False,False,False,False,False,False,Unknown
688097,博众精工,True,,751029815.5333333,62.916333333333334,60,2025-01-02,False,False,False,False,False,False,Unknown
688102,斯瑞新材,True,,1110794834.7833333,40.61733333333334,60,2025-01-02,False,False,False,False,False,False,Unknown
688106,金宏气体,True,,1766674661.1,31.697499999999998,60,2025-01-02,False,False,False,False,False,False,Unknown
688107,安路科技,True,,500555225.31666666,39.187999999999995,60,2025-01-02,False,False,False,False,False,False,Unknown
688110,东芯股份,True,,3565373503.75,145.7985,60,2025-01-02,False,False,False,False,False,False,Unknown
688116,天奈科技,True,,487654598.85,40.8605,60,2025-01-02,False,False,False,False,False,False,Unknown
688123,聚辰股份,True,,2172863534.0333333,145.455,60,2025-01-02,False,False,False,False,False,False,Unknown
688127,蓝特光学,True,,971086660.3333334,83.05016666666668,60,2025-01-02,False,False,False,False,False,False,Unknown
688131,皓元医药,True,,500006532.1166667,78.09983333333334,60,2025-01-02,False,False,False,False,False,False,Unknown
688139,海尔生物,True,,149921357.48333332,30.422333333333334,60,2025-01-07,False,False,False,True,False,False,Unknown
688141,杰华特,True,,1922662259.7833333,105.03366666666668,60,2025-01-02,False,False,False,False,False,False,Unknown
688146,中船特气,True,,3469689585.1833334,174.77399999999997,60,2025-01-02,False,False,False,False,False,False,Unknown
688147,微导纳米,True,,1209548960.4333334,92.5915,60,2025-01-02,False,False,False,False,False,False,Unknown
688150,莱特光电,True,,837559199.25,55.72133333333333,60,2025-01-02,False,False,False,False,False,False,Unknown
688153,唯捷创芯,True,,204042182.31666666,32.045,60,2025-01-02,False,False,False,True,False,False,Unknown
688158,优刻得,True,,1626131631.2833333,42.232499999999995,60,2025-01-02,False,False,False,False,False,False,Unknown
688165,埃夫特,True,,315114354.5833333,19.287833333333335,60,2025-01-02,False,False,False,False,False,False,Unknown
688167,炬光科技,True,,2671745032.8166666,311.38649999999996,60,2025-01-02,False,False,False,False,False,False,Unknown
688208,道通科技,True,,529471698.43333334,32.258500000000005,60,2025-01-02,False,False,False,False,False,False,Unknown
688252,天德钰,True,,197178995.6,22.534499999999998,60,2025-01-02,False,False,False,True,False,False,Unknown
688300,联瑞新材,True,,1601935451.8666666,153.09683333333336,60,2025-01-02,False,False,False,False,False,False,Unknown
688306,均普智能,True,,163385727.41666666,9.579333333333334,60,2025-01-02,False,False,False,True,False,False,Unknown
688321,微芯生物,True,,301944802.6,28.25166666666666,60,2025-01-02,False,False,False,False,False,False,Unknown
688326,经纬恒润,True,,189630270.73333332,88.92833333333331,60,2025-01-02,False,False,False,True,False,False,Unknown
688327,云从科技,True,,477467846.3833333,13.531833333333333,60,2025-01-02,False,False,False,False,False,False,Unknown
688332,中科蓝讯,True,,563886642.1333333,101.872,60,2025-01-02,False,False,False,False,False,False,Unknown
688333,铂力特,True,,1324236784.9833333,93.01333333333335,60,2025-01-02,False,False,False,False,False,False,Unknown
688351,微电生理,True,,171796029.23333332,24.17366666666667,60,2025-01-02,False,False,False,True,False,False,Unknown
688352,颀中科技,True,,649290302.3666667,16.809,60,2025-01-02,False,False,False,False,False,False,Unknown
688353,华盛锂电,True,,803959138.4166666,106.98800000000001,60,2025-01-02,False,False,False,False,False,False,Unknown
688362,甬矽电子,True,,2169351725.366667,60.82516666666666,60,2025-01-02,False,False,False,False,False,False,Unknown
688368,晶丰明源,True,,755345041.4166666,151.31583333333336,60,2025-01-02,False,False,False,False,False,False,Unknown
688372,伟测科技,True,,1637151763.7666667,158.95833333333331,60,2025-01-02,False,False,False,False,False,False,Unknown
688380,中微半导,True,,731945883.1,49.77116666666667,60,2025-01-02,False,False,False,False,False,False,Unknown
688382,益方生物,True,,350548372.21666664,20.013,60,2025-01-02,False,False,False,False,False,False,Unknown
688388,嘉元科技,True,,1903022933.7166667,35.804,60,2025-01-02,False,False,False,False,False,False,Unknown
688390,固德威,True,,1151292739.5833333,111.52516666666669,60,2025-01-02,False,False,False,False,False,False,Unknown
688392,骄成超声,True,,710783115.1666666,161.45383333333334,60,2025-01-02,False,False,False,False,False,False,Unknown
688400,凌云光,True,,1420212595.3333333,59.39016666666666,60,2025-01-02,False,False,False,False,False,False,Unknown
688403,汇成股份,True,,1988630471.3833334,23.332999999999995,60,2025-01-02,False,False,False,False,False,False,Unknown
688408,中信博,True,,205722998.08333334,35.81383333333333,60,2025-01-02,False,False,False,True,False,False,Unknown
688409,富创精密,True,,1587864037.55,162.915,60,2025-01-02,False,False,False,False,False,False,Unknown
688432,有研硅,True,,1017513715.9,22.000333333333337,60,2025-01-02,False,False,False,False,False,False,Unknown
688433,华曙高科,True,,571960080.7,91.34383333333334,60,2025-01-02,False,False,False,False,False,False,Unknown
688439,振华风光,True,,152873402.31666666,48.849666666666664,60,2025-01-02,False,False,False,True,False,False,Unknown
688443,智翔金泰,True,,141561489.83333334,27.0915,60,2025-01-02,False,False,False,True,False,False,Unknown
688449,联芸科技,True,,1165273564.2166667,67.16199999999999,60,2025-01-02,False,False,False,False,False,False,Unknown
688484,南芯科技,True,,653371044.8666667,43.91766666666667,60,2025-01-02,False,False,False,False,False,False,Unknown
688486,龙迅股份,True,,335883777.93333334,55.022833333333324,60,2025-01-02,False,False,False,False,False,False,Unknown
688502,茂莱光学,True,,1148840736.9333334,496.32166666666666,60,2025-01-02,False,False,False,False,False,False,Unknown
688503,聚和材料,True,,1523051116.1666667,100.89083333333332,60,2025-01-02,False,False,False,False,False,False,Unknown
688515,裕太微,True,,1064025900.6833333,193.899,60,2025-01-02,False,False,False,False,False,False,Unknown
688516,奥特维,True,,948777287.9,67.98466666666667,60,2025-01-02,False,False,False,False,False,False,Unknown
688519,南亚新材,True,,1851922946.2666667,241.79383333333334,60,2025-01-02,False,False,False,False,False,False,Unknown
688522,纳睿雷达,True,,127939362.36666666,22.64266666666667,60,2025-01-02,False,False,False,True,False,False,Unknown
688523,航天环宇,True,,533166773.26666665,62.72666666666667,60,2025-01-02,False,False,False,False,False,False,Unknown
688531,日联科技,True,,1202038826.9666667,140.60916666666668,60,2025-01-02,False,False,False,False,False,False,Unknown
688536,思瑞浦,True,,1767804009.3,283.85033333333337,60,2025-01-02,False,False,False,False,False,False,Unknown
688543,国科军工,True,,280989980.8666667,47.27833333333333,60,2025-01-02,False,False,False,False,False,False,Unknown
688545,兴福电子,True,,1524013726.8,83.266,60,2025-01-22,False,False,False,False,False,False,Unknown
688548,广钢气体,True,,1354176012.6,32.1365,60,2025-01-02,False,False,False,False,False,False,Unknown
688549,中巨芯,True,,2050856021.5166667,19.534000000000002,60,2025-01-02,False,False,False,False,False,False,Unknown
688552,航天南湖,True,,218804668.61666667,35.20816666666666,60,2025-01-02,False,False,False,True,False,False,Unknown
688559,海目星,True,,850109903.0833334,65.80566666666667,60,2025-01-02,False,False,False,False,False,False,Unknown
688567,孚能科技,True,,214331612.68333334,12.626666666666665,60,2025-01-06,False,False,False,True,False,False,Unknown
688584,上海合晶,True,,595966109.4,26.5055,60,2025-01-02,False,False,False,False,False,False,Unknown
688586,江航装备,True,,113866179.65,13.078833333333332,60,2025-01-02,False,False,False,True,False,False,Unknown
688591,泰凌微,True,,232751919.35,34.42483333333333,60,2025-01-02,False,False,False,True,False,False,Unknown
688593,新相微,True,,705432115.4666667,35.22866666666666,60,2025-01-02,False,False,False,False,False,False,Unknown
688596,正帆科技,True,,1133454824.15,44.11183333333333,60,2025-01-02,False,False,False,False,False,False,Unknown
688605,先锋精科,True,,590082305.85,77.036,60,2025-01-02,False,False,False,False,False,False,Unknown
688612,威迈斯,True,,243611696.68333334,32.05966666666667,60,2025-01-02,False,False,False,False,False,False,Unknown
688627,精智达,True,,2381429524.15,408.5079999999999,60,2025-01-02,False,False,False,False,False,False,Unknown
688630,芯碁微装,True,,2363233455.45,346.6375,60,2025-01-02,False,False,False,False,False,False,Unknown
688631,莱斯信息,True,,129269094.3,51.74900000000001,60,2025-01-02,False,False,False,True,False,False,Unknown
688639,华恒生物,True,,134185025.88333334,23.848833333333335,60,2025-01-02,False,False,False,True,False,False,Unknown
688652,京仪装备,True,,1134428825.35,142.397,60,2025-01-02,False,False,False,False,False,False,Unknown
688658,悦康药业,True,,213414366.96666667,17.205666666666666,60,2025-01-02,False,False,False,True,False,False,Unknown
688660,电气风电,True,,211177296.45,10.867833333333332,60,2025-01-02,False,False,False,True,False,False,Unknown
688668,鼎通科技,True,,1861888676.65,295.23449999999997,60,2025-01-02,False,False,False,False,False,False,Unknown
688686,奥普特,True,,371729153.85,132.15033333333335,60,2025-01-02,False,False,False,False,False,False,Unknown
688690,纳微科技,True,,614820839.7166667,36.948499999999996,60,2025-01-02,False,False,False,False,False,False,Unknown
688691,灿芯股份,True,,1018938970.1166667,107.65116666666668,60,2025-01-02,False,False,False,False,False,False,Unknown
688698,伟创电气,True,,475798653.1333333,66.04283333333335,60,2025-01-02,False,False,False,False,False,False,Unknown
688700,东威科技,True,,1259064375.95,76.67633333333335,60,2025-01-02,False,False,False,False,False,False,Unknown
688717,艾罗能源,True,,664974467.55,103.51816666666667,60,2025-01-02,False,False,False,False,False,False,Unknown
688726,拉普拉斯,True,,1085397147.5666666,60.49616666666666,60,2025-01-02,False,False,False,False,False,False,Unknown
688766,普冉股份,True,,3559900598.05,439.22650000000004,60,2025-01-02,False,False,False,False,False,False,Unknown
688776,国光电气,True,,159816644.05,71.636,60,2025-01-02,False,False,False,True,False,False,Unknown
688779,五矿新能,True,,346240865.05,9.542833333333334,60,2025-01-02,False,False,False,False,False,False,Unknown
688789,宏华数科,True,,129440252.95,57.6655,60,2025-01-02,False,False,False,True,False,False,Unknown
688798,艾为电子,True,,325775744.01666665,70.3645,60,2025-01-02,False,False,False,False,False,False,Unknown
688800,瑞可达,True,,1292576320.3666666,84.67416666666666,60,2025-01-02,False,False,False,False,False,False,Unknown
